library_index,row_index,label,scenario_class,theta,dv_kms,term_reason,success,min_rM,min_corridor_dist,preview_path
0,1810,2,bad,0.6346651825433925,3.0043478260869563,invalid_preflyby_earth_return,False,0.9869157187750116,,C:\Users\willi\MEX\PPO LSTM CR3BP\PPO LSTM CR3BP V4\rough_scenario_classification\handoff_library_previews\libidx_000000__row_001810__label_2__invalid_preflyby_earth_return.png
1,1825,2,bad,1.5866629563584815,3.0043478260869563,invalid_preflyby_earth_return,False,1.0020946520780103,,C:\Users\willi\MEX\PPO LSTM CR3BP\PPO LSTM CR3BP V4\rough_scenario_classification\handoff_library_previews\libidx_000001__row_001825__label_2__invalid_preflyby_earth_return.png
2,1854,2,bad,3.42719198573432,3.0043478260869563,invalid_preflyby_earth_return,False,0.4835412233714885,,C:\Users\willi\MEX\PPO LSTM CR3BP\PPO LSTM CR3BP V4\rough_scenario_classification\handoff_library_previews\libidx_000002__row_001854__label_2__invalid_preflyby_earth_return.png
3,1856,2,bad,3.5541250222429985,3.0043478260869563,invalid_preflyby_earth_return,False,0.4670958567239544,,C:\Users\willi\MEX\PPO LSTM CR3BP\PPO LSTM CR3BP V4\rough_scenario_classification\handoff_library_previews\libidx_000003__row_001856__label_2__invalid_preflyby_earth_return.png
4,1871,2,bad,4.506122796058087,3.0043478260869563,invalid_preflyby_earth_return,False,0.7879463660037588,,C:\Users\willi\MEX\PPO LSTM CR3BP\PPO LSTM CR3BP V4\rough_scenario_classification\handoff_library_previews\libidx_000004__row_001871__label_2__invalid_preflyby_earth_return.png
5,1876,2,bad,4.823455387329783,3.0043478260869563,invalid_preflyby_earth_return,False,0.9561972340909808,,C:\Users\willi\MEX\PPO LSTM CR3BP\PPO LSTM CR3BP V4\rough_scenario_classification\handoff_library_previews\libidx_000005__row_001876__label_2__invalid_preflyby_earth_return.png
6,1881,2,bad,5.14078797860148,3.0043478260869563,invalid_preflyby_earth_return,False,0.99131066773433,,C:\Users\willi\MEX\PPO LSTM CR3BP\PPO LSTM CR3BP V4\rough_scenario_classification\handoff_library_previews\libidx_000006__row_001881__label_2__invalid_preflyby_earth_return.png
7,1914,2,bad,0.8885312555607496,3.010144927536232,invalid_preflyby_earth_return,False,0.9903279168283688,,C:\Users\willi\MEX\PPO LSTM CR3BP\PPO LSTM CR3BP V4\rough_scenario_classification\handoff_library_previews\libidx_000007__row_001914__label_2__invalid_preflyby_earth_return.png
8,1916,2,bad,1.015464292069428,3.010144927536232,invalid_preflyby_earth_return,False,0.9922817057899228,,C:\Users\willi\MEX\PPO LSTM CR3BP\PPO LSTM CR3BP V4\rough_scenario_classification\handoff_library_previews\libidx_000008__row_001916__label_2__invalid_preflyby_earth_return.png
9,1947,2,bad,2.982926357953945,3.010144927536232,invalid_preflyby_earth_return,False,0.6366294887237176,,C:\Users\willi\MEX\PPO LSTM CR3BP\PPO LSTM CR3BP V4\rough_scenario_classification\handoff_library_previews\libidx_000009__row_001947__label_2__invalid_preflyby_earth_return.png
10,1980,2,bad,5.07732146034714,3.010144927536232,invalid_preflyby_earth_return,False,0.9923049414761632,,C:\Users\willi\MEX\PPO LSTM CR3BP\PPO LSTM CR3BP V4\rough_scenario_classification\handoff_library_previews\libidx_000010__row_001980__label_2__invalid_preflyby_earth_return.png
11,2000,2,bad,0.0,3.0159420289855072,invalid_preflyby_earth_return,False,0.9824418606131649,,C:\Users\willi\MEX\PPO LSTM CR3BP\PPO LSTM CR3BP V4\rough_scenario_classification\handoff_library_previews\libidx_000011__row_002000__label_2__invalid_preflyby_earth_return.png
12,2042,2,bad,2.6655937666822487,3.0159420289855072,invalid_preflyby_earth_return,False,0.7929733920886879,,C:\Users\willi\MEX\PPO LSTM CR3BP\PPO LSTM CR3BP V4\rough_scenario_classification\handoff_library_previews\libidx_000012__row_002042__label_2__invalid_preflyby_earth_return.png
13,2065,2,bad,4.125323686532052,3.0159420289855072,invalid_preflyby_earth_return,False,0.5471385917931968,,C:\Users\willi\MEX\PPO LSTM CR3BP\PPO LSTM CR3BP V4\rough_scenario_classification\handoff_library_previews\libidx_000013__row_002065__label_2__invalid_preflyby_earth_return.png
14,2076,2,bad,4.823455387329783,3.0159420289855072,invalid_preflyby_earth_return,False,0.90665882533506,,C:\Users\willi\MEX\PPO LSTM CR3BP\PPO LSTM CR3BP V4\rough_scenario_classification\handoff_library_previews\libidx_000014__row_002076__label_2__invalid_preflyby_earth_return.png
15,2106,2,bad,0.3807991095260356,3.0217391304347823,invalid_preflyby_earth_return,False,0.9843504255777684,,C:\Users\willi\MEX\PPO LSTM CR3BP\PPO LSTM CR3BP V4\rough_scenario_classification\handoff_library_previews\libidx_000015__row_002106__label_2__invalid_preflyby_earth_return.png
16,2107,2,bad,0.4442656277803748,3.0217391304347823,invalid_preflyby_earth_return,False,0.9849024784386956,,C:\Users\willi\MEX\PPO LSTM CR3BP\PPO LSTM CR3BP V4\rough_scenario_classification\handoff_library_previews\libidx_000016__row_002107__label_2__invalid_preflyby_earth_return.png
17,2129,2,bad,1.8405290293758385,3.0217391304347823,invalid_preflyby_earth_return,False,1.006419503151229,,C:\Users\willi\MEX\PPO LSTM CR3BP\PPO LSTM CR3BP V4\rough_scenario_classification\handoff_library_previews\libidx_000017__row_002129__label_2__invalid_preflyby_earth_return.png
18,2191,2,bad,5.775453161144872,3.0217391304347823,invalid_preflyby_earth_return,False,0.9838712686594552,,C:\Users\willi\MEX\PPO LSTM CR3BP\PPO LSTM CR3BP V4\rough_scenario_classification\handoff_library_previews\libidx_000018__row_002191__label_2__invalid_preflyby_earth_return.png
19,2192,2,bad,5.838919679399211,3.0217391304347823,invalid_preflyby_earth_return,False,0.9834477094539724,,C:\Users\willi\MEX\PPO LSTM CR3BP\PPO LSTM CR3BP V4\rough_scenario_classification\handoff_library_previews\libidx_000019__row_002192__label_2__invalid_preflyby_earth_return.png
20,2224,2,bad,1.5231964381041423,3.0275362318840577,invalid_preflyby_earth_return,False,1.0009841897242742,,C:\Users\willi\MEX\PPO LSTM CR3BP\PPO LSTM CR3BP V4\rough_scenario_classification\handoff_library_previews\libidx_000020__row_002224__label_2__invalid_preflyby_earth_return.png
21,2280,2,bad,5.07732146034714,3.0275362318840577,invalid_preflyby_earth_return,False,0.9923023922635088,,C:\Users\willi\MEX\PPO LSTM CR3BP\PPO LSTM CR3BP V4\rough_scenario_classification\handoff_library_previews\libidx_000021__row_002280__label_2__invalid_preflyby_earth_return.png
22,2282,2,bad,5.204254496855819,3.0275362318840577,invalid_preflyby_earth_return,False,0.9903471403587828,,C:\Users\willi\MEX\PPO LSTM CR3BP\PPO LSTM CR3BP V4\rough_scenario_classification\handoff_library_previews\libidx_000022__row_002282__label_2__invalid_preflyby_earth_return.png
23,2305,2,bad,0.3173325912716963,3.033333333333333,invalid_preflyby_earth_return,False,0.9838628255348536,,C:\Users\willi\MEX\PPO LSTM CR3BP\PPO LSTM CR3BP V4\rough_scenario_classification\handoff_library_previews\libidx_000023__row_002305__label_2__invalid_preflyby_earth_return.png
24,2324,2,bad,1.5231964381041423,3.033333333333333,invalid_preflyby_earth_return,False,1.0009850934717606,,C:\Users\willi\MEX\PPO LSTM CR3BP\PPO LSTM CR3BP V4\rough_scenario_classification\handoff_library_previews\libidx_000024__row_002324__label_2__invalid_preflyby_earth_return.png
25,2349,2,bad,3.109859394462624,3.033333333333333,invalid_preflyby_earth_return,False,0.575732266179185,,C:\Users\willi\MEX\PPO LSTM CR3BP\PPO LSTM CR3BP V4\rough_scenario_classification\handoff_library_previews\libidx_000025__row_002349__label_2__invalid_preflyby_earth_return.png
26,2362,2,bad,3.934924131769034,3.033333333333333,invalid_preflyby_earth_return,False,0.3811700546227271,,C:\Users\willi\MEX\PPO LSTM CR3BP\PPO LSTM CR3BP V4\rough_scenario_classification\handoff_library_previews\libidx_000026__row_002362__label_2__invalid_preflyby_earth_return.png
27,2376,2,bad,4.823455387329783,3.033333333333333,invalid_preflyby_earth_return,False,0.8855403313080998,,C:\Users\willi\MEX\PPO LSTM CR3BP\PPO LSTM CR3BP V4\rough_scenario_classification\handoff_library_previews\libidx_000027__row_002376__label_2__invalid_preflyby_earth_return.png
28,2403,2,bad,0.1903995547630178,3.0391304347826087,invalid_preflyby_earth_return,False,0.9830860259364084,,C:\Users\willi\MEX\PPO LSTM CR3BP\PPO LSTM CR3BP V4\rough_scenario_classification\handoff_library_previews\libidx_000028__row_002403__label_2__invalid_preflyby_earth_return.png
29,2442,2,bad,2.6655937666822487,3.0391304347826087,invalid_preflyby_earth_return,False,0.8090502092182865,,C:\Users\willi\MEX\PPO LSTM CR3BP\PPO LSTM CR3BP V4\rough_scenario_classification\handoff_library_previews\libidx_000029__row_002442__label_2__invalid_preflyby_earth_return.png
30,2464,2,bad,4.0618571682777125,3.0391304347826087,invalid_preflyby_earth_return,False,0.3843007360459313,,C:\Users\willi\MEX\PPO LSTM CR3BP\PPO LSTM CR3BP V4\rough_scenario_classification\handoff_library_previews\libidx_000030__row_002464__label_2__invalid_preflyby_earth_return.png
31,2477,2,bad,4.886921905584122,3.0391304347826087,invalid_preflyby_earth_return,False,0.9213807845410782,,C:\Users\willi\MEX\PPO LSTM CR3BP\PPO LSTM CR3BP V4\rough_scenario_classification\handoff_library_previews\libidx_000031__row_002477__label_2__invalid_preflyby_earth_return.png
32,2479,2,bad,5.013854942092801,3.0391304347826087,invalid_preflyby_earth_return,False,0.9933264122436272,,C:\Users\willi\MEX\PPO LSTM CR3BP\PPO LSTM CR3BP V4\rough_scenario_classification\handoff_library_previews\libidx_000032__row_002479__label_2__invalid_preflyby_earth_return.png
33,2492,2,bad,5.838919679399211,3.0391304347826087,invalid_preflyby_earth_return,False,0.983446527958822,,C:\Users\willi\MEX\PPO LSTM CR3BP\PPO LSTM CR3BP V4\rough_scenario_classification\handoff_library_previews\libidx_000033__row_002492__label_2__invalid_preflyby_earth_return.png
34,2512,2,bad,0.7615982190520711,3.044927536231884,invalid_preflyby_earth_return,False,0.9885332775550576,,C:\Users\willi\MEX\PPO LSTM CR3BP\PPO LSTM CR3BP V4\rough_scenario_classification\handoff_library_previews\libidx_000034__row_002512__label_2__invalid_preflyby_earth_return.png
35,2609,2,bad,0.5711986642890533,3.050724637681159,invalid_preflyby_earth_return,False,0.986191131305528,,C:\Users\willi\MEX\PPO LSTM CR3BP\PPO LSTM CR3BP V4\rough_scenario_classification\handoff_library_previews\libidx_000035__row_002609__label_2__invalid_preflyby_earth_return.png
36,2617,2,bad,1.0789308103237674,3.050724637681159,invalid_preflyby_earth_return,False,0.993312482580234,,C:\Users\willi\MEX\PPO LSTM CR3BP\PPO LSTM CR3BP V4\rough_scenario_classification\handoff_library_previews\libidx_000036__row_002617__label_2__invalid_preflyby_earth_return.png
37,2690,2,bad,5.711986642890533,3.050724637681159,invalid_preflyby_earth_return,False,0.9843582522852572,,C:\Users\willi\MEX\PPO LSTM CR3BP\PPO LSTM CR3BP V4\rough_scenario_classification\handoff_library_previews\libidx_000037__row_002690__label_2__invalid_preflyby_earth_return.png
38,2762,2,bad,3.934924131769034,3.0565217391304347,invalid_preflyby_earth_return,False,0.2234964982552067,,C:\Users\willi\MEX\PPO LSTM CR3BP\PPO LSTM CR3BP V4\rough_scenario_classification\handoff_library_previews\libidx_000038__row_002762__label_2__invalid_preflyby_earth_return.png
39,2773,2,bad,4.6330558325667655,3.0565217391304347,invalid_preflyby_earth_return,False,0.6427892391877116,,C:\Users\willi\MEX\PPO LSTM CR3BP\PPO LSTM CR3BP V4\rough_scenario_classification\handoff_library_previews\libidx_000039__row_002773__label_2__invalid_preflyby_earth_return.png
40,2779,2,bad,5.013854942092801,3.0565217391304347,invalid_preflyby_earth_return,False,0.9297915012954716,,C:\Users\willi\MEX\PPO LSTM CR3BP\PPO LSTM CR3BP V4\rough_scenario_classification\handoff_library_previews\libidx_000040__row_002779__label_2__invalid_preflyby_earth_return.png
41,2791,2,bad,5.775453161144872,3.0565217391304347,invalid_preflyby_earth_return,False,0.9838685957403636,,C:\Users\willi\MEX\PPO LSTM CR3BP\PPO LSTM CR3BP V4\rough_scenario_classification\handoff_library_previews\libidx_000041__row_002791__label_2__invalid_preflyby_earth_return.png
42,2852,2,bad,3.3002589492256416,3.06231884057971,invalid_preflyby_earth_return,False,0.4604175690261476,,C:\Users\willi\MEX\PPO LSTM CR3BP\PPO LSTM CR3BP V4\rough_scenario_classification\handoff_library_previews\libidx_000042__row_002852__label_2__invalid_preflyby_earth_return.png
43,2872,2,bad,4.569589314312426,3.06231884057971,invalid_preflyby_earth_return,False,0.4886286503318905,,C:\Users\willi\MEX\PPO LSTM CR3BP\PPO LSTM CR3BP V4\rough_scenario_classification\handoff_library_previews\libidx_000043__row_002872__label_2__invalid_preflyby_earth_return.png
44,2886,2,bad,5.458120569873176,3.06231884057971,invalid_preflyby_earth_return,False,0.986927603999096,,C:\Users\willi\MEX\PPO LSTM CR3BP\PPO LSTM CR3BP V4\rough_scenario_classification\handoff_library_previews\libidx_000044__row_002886__label_2__invalid_preflyby_earth_return.png
45,2899,2,bad,6.283185307179586,3.06231884057971,invalid_preflyby_earth_return,False,0.9824418709454414,,C:\Users\willi\MEX\PPO LSTM CR3BP\PPO LSTM CR3BP V4\rough_scenario_classification\handoff_library_previews\libidx_000045__row_002899__label_2__invalid_preflyby_earth_return.png
46,2924,2,bad,1.5231964381041423,3.068115942028985,invalid_preflyby_earth_return,False,1.000990515956821,,C:\Users\willi\MEX\PPO LSTM CR3BP\PPO LSTM CR3BP V4\rough_scenario_classification\handoff_library_previews\libidx_000046__row_002924__label_2__invalid_preflyby_earth_return.png
47,2938,2,bad,2.411727693664892,3.068115942028985,invalid_preflyby_earth_return,False,0.9297754765465628,,C:\Users\willi\MEX\PPO LSTM CR3BP\PPO LSTM CR3BP V4\rough_scenario_classification\handoff_library_previews\libidx_000047__row_002938__label_2__invalid_preflyby_earth_return.png
48,2947,2,bad,2.982926357953945,3.068115942028985,invalid_preflyby_earth_return,False,0.6432774346522675,,C:\Users\willi\MEX\PPO LSTM CR3BP\PPO LSTM CR3BP V4\rough_scenario_classification\handoff_library_previews\libidx_000048__row_002947__label_2__invalid_preflyby_earth_return.png
49,2959,2,bad,3.744524577006016,3.068115942028985,invalid_preflyby_earth_return,False,0.212076597850389,,C:\Users\willi\MEX\PPO LSTM CR3BP\PPO LSTM CR3BP V4\rough_scenario_classification\handoff_library_previews\libidx_000049__row_002959__label_2__invalid_preflyby_earth_return.png
50,2964,1,savable,4.0618571682777125,3.068115942028985,invalid_preflyby_earth_return,False,0.1425094500827561,,C:\Users\willi\MEX\PPO LSTM CR3BP\PPO LSTM CR3BP V4\rough_scenario_classification\handoff_library_previews\libidx_000050__row_002964__label_1__invalid_preflyby_earth_return.png
51,2965,1,savable,4.125323686532052,3.068115942028985,invalid_preflyby_earth_return,False,0.1456704944967988,,C:\Users\willi\MEX\PPO LSTM CR3BP\PPO LSTM CR3BP V4\rough_scenario_classification\handoff_library_previews\libidx_000051__row_002965__label_1__invalid_preflyby_earth_return.png
52,2966,1,savable,4.188790204786391,3.068115942028985,invalid_preflyby_earth_return,False,0.1700809232982253,,C:\Users\willi\MEX\PPO LSTM CR3BP\PPO LSTM CR3BP V4\rough_scenario_classification\handoff_library_previews\libidx_000052__row_002966__label_1__invalid_preflyby_earth_return.png
53,2969,2,bad,4.3791897595494085,3.068115942028985,invalid_preflyby_earth_return,False,0.2379755124687167,,C:\Users\willi\MEX\PPO LSTM CR3BP\PPO LSTM CR3BP V4\rough_scenario_classification\handoff_library_previews\libidx_000053__row_002969__label_2__invalid_preflyby_earth_return.png
54,2972,2,bad,4.569589314312426,3.068115942028985,invalid_preflyby_earth_return,False,0.4643340102799054,,C:\Users\willi\MEX\PPO LSTM CR3BP\PPO LSTM CR3BP V4\rough_scenario_classification\handoff_library_previews\libidx_000054__row_002972__label_2__invalid_preflyby_earth_return.png
55,2983,2,bad,5.267721015110158,3.068115942028985,invalid_preflyby_earth_return,False,0.9894202966687872,,C:\Users\willi\MEX\PPO LSTM CR3BP\PPO LSTM CR3BP V4\rough_scenario_classification\handoff_library_previews\libidx_000055__row_002983__label_2__invalid_preflyby_earth_return.png
56,2984,2,bad,5.331187533364497,3.068115942028985,invalid_preflyby_earth_return,False,0.988541718990374,,C:\Users\willi\MEX\PPO LSTM CR3BP\PPO LSTM CR3BP V4\rough_scenario_classification\handoff_library_previews\libidx_000056__row_002984__label_2__invalid_preflyby_earth_return.png
57,2992,2,bad,5.838919679399211,3.068115942028985,invalid_preflyby_earth_return,False,0.9834445588126872,,C:\Users\willi\MEX\PPO LSTM CR3BP\PPO LSTM CR3BP V4\rough_scenario_classification\handoff_library_previews\libidx_000057__row_002992__label_2__invalid_preflyby_earth_return.png
58,3011,2,bad,0.6981317007977318,3.0739130434782607,invalid_preflyby_earth_return,False,0.9877044505991556,,C:\Users\willi\MEX\PPO LSTM CR3BP\PPO LSTM CR3BP V4\rough_scenario_classification\handoff_library_previews\libidx_000058__row_003011__label_2__invalid_preflyby_earth_return.png
59,3017,2,bad,1.0789308103237674,3.0739130434782607,invalid_preflyby_earth_return,False,0.9933156975835256,,C:\Users\willi\MEX\PPO LSTM CR3BP\PPO LSTM CR3BP V4\rough_scenario_classification\handoff_library_previews\libidx_000059__row_003017__label_2__invalid_preflyby_earth_return.png
60,3056,2,bad,3.5541250222429985,3.0739130434782607,invalid_preflyby_earth_return,False,0.3061459697158576,,C:\Users\willi\MEX\PPO LSTM CR3BP\PPO LSTM CR3BP V4\rough_scenario_classification\handoff_library_previews\libidx_000060__row_003056__label_2__invalid_preflyby_earth_return.png
61,3057,2,bad,3.6175915404973376,3.0739130434782607,invalid_preflyby_earth_return,False,0.2756855299983146,,C:\Users\willi\MEX\PPO LSTM CR3BP\PPO LSTM CR3BP V4\rough_scenario_classification\handoff_library_previews\libidx_000061__row_003057__label_2__invalid_preflyby_earth_return.png
62,3064,1,savable,4.0618571682777125,3.0739130434782607,invalid_preflyby_earth_return,False,0.1014936252028937,,C:\Users\willi\MEX\PPO LSTM CR3BP\PPO LSTM CR3BP V4\rough_scenario_classification\handoff_library_previews\libidx_000062__row_003064__label_1__invalid_preflyby_earth_return.png
63,3065,1,savable,4.125323686532052,3.0739130434782607,invalid_preflyby_earth_return,False,0.0912049010264692,,C:\Users\willi\MEX\PPO LSTM CR3BP\PPO LSTM CR3BP V4\rough_scenario_classification\handoff_library_previews\libidx_000063__row_003065__label_1__invalid_preflyby_earth_return.png
64,3066,1,savable,4.188790204786391,3.0739130434782607,invalid_preflyby_earth_return,False,0.1170673785134118,,C:\Users\willi\MEX\PPO LSTM CR3BP\PPO LSTM CR3BP V4\rough_scenario_classification\handoff_library_previews\libidx_000064__row_003066__label_1__invalid_preflyby_earth_return.png
65,3067,1,savable,4.25225672304073,3.0739130434782607,invalid_preflyby_earth_return,False,0.1093678056821986,,C:\Users\willi\MEX\PPO LSTM CR3BP\PPO LSTM CR3BP V4\rough_scenario_classification\handoff_library_previews\libidx_000065__row_003067__label_1__invalid_preflyby_earth_return.png
66,3068,1,savable,4.3157232412950695,3.0739130434782607,invalid_preflyby_earth_return,False,0.132642493496878,,C:\Users\willi\MEX\PPO LSTM CR3BP\PPO LSTM CR3BP V4\rough_scenario_classification\handoff_library_previews\libidx_000066__row_003068__label_1__invalid_preflyby_earth_return.png
67,3069,1,savable,4.3791897595494085,3.0739130434782607,invalid_preflyby_earth_return,False,0.162394907834705,,C:\Users\willi\MEX\PPO LSTM CR3BP\PPO LSTM CR3BP V4\rough_scenario_classification\handoff_library_previews\libidx_000067__row_003069__label_1__invalid_preflyby_earth_return.png
68,3072,2,bad,4.569589314312426,3.0739130434782607,invalid_preflyby_earth_return,False,0.2575355169308305,,C:\Users\willi\MEX\PPO LSTM CR3BP\PPO LSTM CR3BP V4\rough_scenario_classification\handoff_library_previews\libidx_000068__row_003072__label_2__invalid_preflyby_earth_return.png
69,3084,2,bad,5.331187533364497,3.0739130434782607,invalid_preflyby_earth_return,False,0.988540975336386,,C:\Users\willi\MEX\PPO LSTM CR3BP\PPO LSTM CR3BP V4\rough_scenario_classification\handoff_library_previews\libidx_000069__row_003084__label_2__invalid_preflyby_earth_return.png
70,3097,2,bad,6.156252270670908,3.0739130434782607,invalid_preflyby_earth_return,False,0.9823699940889912,,C:\Users\willi\MEX\PPO LSTM CR3BP\PPO LSTM CR3BP V4\rough_scenario_classification\handoff_library_previews\libidx_000070__row_003097__label_2__invalid_preflyby_earth_return.png
71,3105,2,bad,0.3173325912716963,3.079710144927536,invalid_preflyby_earth_return,False,0.9838651300159942,,C:\Users\willi\MEX\PPO LSTM CR3BP\PPO LSTM CR3BP V4\rough_scenario_classification\handoff_library_previews\libidx_000071__row_003105__label_2__invalid_preflyby_earth_return.png
72,3117,2,bad,1.0789308103237674,3.079710144927536,invalid_preflyby_earth_return,False,0.9933165013347366,,C:\Users\willi\MEX\PPO LSTM CR3BP\PPO LSTM CR3BP V4\rough_scenario_classification\handoff_library_previews\libidx_000072__row_003117__label_2__invalid_preflyby_earth_return.png
73,3125,2,bad,1.5866629563584815,3.079710144927536,invalid_preflyby_earth_return,False,1.0021063997438042,,C:\Users\willi\MEX\PPO LSTM CR3BP\PPO LSTM CR3BP V4\rough_scenario_classification\handoff_library_previews\libidx_000073__row_003125__label_2__invalid_preflyby_earth_return.png
74,3142,2,bad,2.6655937666822487,3.079710144927536,invalid_preflyby_earth_return,False,0.8290967313275966,,C:\Users\willi\MEX\PPO LSTM CR3BP\PPO LSTM CR3BP V4\rough_scenario_classification\handoff_library_previews\libidx_000074__row_003142__label_2__invalid_preflyby_earth_return.png
75,3145,2,bad,2.855993321445266,3.079710144927536,invalid_preflyby_earth_return,False,0.7248501823469972,,C:\Users\willi\MEX\PPO LSTM CR3BP\PPO LSTM CR3BP V4\rough_scenario_classification\handoff_library_previews\libidx_000075__row_003145__label_2__invalid_preflyby_earth_return.png
76,3149,2,bad,3.109859394462624,3.079710144927536,invalid_preflyby_earth_return,False,0.5730755770682495,,C:\Users\willi\MEX\PPO LSTM CR3BP\PPO LSTM CR3BP V4\rough_scenario_classification\handoff_library_previews\libidx_000076__row_003149__label_2__invalid_preflyby_earth_return.png
77,3166,2,bad,4.188790204786391,3.079710144927536,timeout,False,0.065876032660341,0.8796333216208321,C:\Users\willi\MEX\PPO LSTM CR3BP\PPO LSTM CR3BP V4\rough_scenario_classification\handoff_library_previews\libidx_000077__row_003166__label_2__timeout.png
78,3169,1,savable,4.3791897595494085,3.079710144927536,invalid_preflyby_earth_return,False,0.0812227871314627,,C:\Users\willi\MEX\PPO LSTM CR3BP\PPO LSTM CR3BP V4\rough_scenario_classification\handoff_library_previews\libidx_000078__row_003169__label_1__invalid_preflyby_earth_return.png
79,3170,1,savable,4.442656277803748,3.079710144927536,invalid_preflyby_earth_return,False,0.092366618058449,,C:\Users\willi\MEX\PPO LSTM CR3BP\PPO LSTM CR3BP V4\rough_scenario_classification\handoff_library_previews\libidx_000079__row_003170__label_1__invalid_preflyby_earth_return.png
80,3171,1,savable,4.506122796058087,3.079710144927536,invalid_preflyby_earth_return,False,0.1386092078909942,,C:\Users\willi\MEX\PPO LSTM CR3BP\PPO LSTM CR3BP V4\rough_scenario_classification\handoff_library_previews\libidx_000080__row_003171__label_1__invalid_preflyby_earth_return.png
81,3172,1,savable,4.569589314312426,3.079710144927536,invalid_preflyby_earth_return,False,0.1508896244973746,,C:\Users\willi\MEX\PPO LSTM CR3BP\PPO LSTM CR3BP V4\rough_scenario_classification\handoff_library_previews\libidx_000081__row_003172__label_1__invalid_preflyby_earth_return.png
82,3173,2,bad,4.6330558325667655,3.079710144927536,invalid_preflyby_earth_return,False,0.1829134947557709,,C:\Users\willi\MEX\PPO LSTM CR3BP\PPO LSTM CR3BP V4\rough_scenario_classification\handoff_library_previews\libidx_000082__row_003173__label_2__invalid_preflyby_earth_return.png
83,3204,2,bad,0.253866073017357,3.085507246376812,invalid_preflyby_earth_return,False,0.9834425663628088,,C:\Users\willi\MEX\PPO LSTM CR3BP\PPO LSTM CR3BP V4\rough_scenario_classification\handoff_library_previews\libidx_000083__row_003204__label_2__invalid_preflyby_earth_return.png
84,3205,2,bad,0.3173325912716963,3.085507246376812,invalid_preflyby_earth_return,False,0.9838654180792809,,C:\Users\willi\MEX\PPO LSTM CR3BP\PPO LSTM CR3BP V4\rough_scenario_classification\handoff_library_previews\libidx_000084__row_003205__label_2__invalid_preflyby_earth_return.png
85,3208,2,bad,0.5077321460347141,3.085507246376812,invalid_preflyby_earth_return,False,0.9855210009346153,,C:\Users\willi\MEX\PPO LSTM CR3BP\PPO LSTM CR3BP V4\rough_scenario_classification\handoff_library_previews\libidx_000085__row_003208__label_2__invalid_preflyby_earth_return.png
86,3217,2,bad,1.0789308103237674,3.085507246376812,invalid_preflyby_earth_return,False,0.9933173050861024,,C:\Users\willi\MEX\PPO LSTM CR3BP\PPO LSTM CR3BP V4\rough_scenario_classification\handoff_library_previews\libidx_000086__row_003217__label_2__invalid_preflyby_earth_return.png
87,3253,2,bad,3.3637254674799806,3.085507246376812,invalid_preflyby_earth_return,False,0.4186134245746202,,C:\Users\willi\MEX\PPO LSTM CR3BP\PPO LSTM CR3BP V4\rough_scenario_classification\handoff_library_previews\libidx_000087__row_003253__label_2__invalid_preflyby_earth_return.png
88,3273,1,savable,4.6330558325667655,3.085507246376812,invalid_preflyby_earth_return,False,0.0948921332476629,,C:\Users\willi\MEX\PPO LSTM CR3BP\PPO LSTM CR3BP V4\rough_scenario_classification\handoff_library_previews\libidx_000088__row_003273__label_1__invalid_preflyby_earth_return.png
89,3274,1,savable,4.696522350821105,3.085507246376812,invalid_preflyby_earth_return,False,0.108856064744247,,C:\Users\willi\MEX\PPO LSTM CR3BP\PPO LSTM CR3BP V4\rough_scenario_classification\handoff_library_previews\libidx_000089__row_003274__label_1__invalid_preflyby_earth_return.png
90,3275,1,savable,4.759988869075444,3.085507246376812,invalid_preflyby_earth_return,False,0.1374522520463404,,C:\Users\willi\MEX\PPO LSTM CR3BP\PPO LSTM CR3BP V4\rough_scenario_classification\handoff_library_previews\libidx_000090__row_003275__label_1__invalid_preflyby_earth_return.png
91,3306,2,bad,0.3807991095260356,3.0913043478260867,invalid_preflyby_earth_return,False,0.9843545379041304,,C:\Users\willi\MEX\PPO LSTM CR3BP\PPO LSTM CR3BP V4\rough_scenario_classification\handoff_library_previews\libidx_000091__row_003306__label_2__invalid_preflyby_earth_return.png
92,3358,2,bad,3.681058058751677,3.0913043478260867,invalid_preflyby_earth_return,False,0.2218303843183032,,C:\Users\willi\MEX\PPO LSTM CR3BP\PPO LSTM CR3BP V4\rough_scenario_classification\handoff_library_previews\libidx_000092__row_003358__label_2__invalid_preflyby_earth_return.png
93,3361,2,bad,3.871457613514696,3.0913043478260867,invalid_preflyby_earth_return,False,0.0952100092020964,,C:\Users\willi\MEX\PPO LSTM CR3BP\PPO LSTM CR3BP V4\rough_scenario_classification\handoff_library_previews\libidx_000093__row_003361__label_2__invalid_preflyby_earth_return.png
94,3366,0,good,4.188790204786391,3.0913043478260867,success,True,0.0264874428554532,0.0,C:\Users\willi\MEX\PPO LSTM CR3BP\PPO LSTM CR3BP V4\rough_scenario_classification\handoff_library_previews\libidx_000094__row_003366__label_0__success.png
95,3367,0,good,4.25225672304073,3.0913043478260867,success,True,0.0856365159991334,0.0,C:\Users\willi\MEX\PPO LSTM CR3BP\PPO LSTM CR3BP V4\rough_scenario_classification\handoff_library_previews\libidx_000095__row_003367__label_0__success.png
96,3368,0,good,4.3157232412950695,3.0913043478260867,success,True,0.0474143654886013,0.0,C:\Users\willi\MEX\PPO LSTM CR3BP\PPO LSTM CR3BP V4\rough_scenario_classification\handoff_library_previews\libidx_000096__row_003368__label_0__success.png
97,3369,0,good,4.3791897595494085,3.0913043478260867,success,True,0.08756000884756,0.0,C:\Users\willi\MEX\PPO LSTM CR3BP\PPO LSTM CR3BP V4\rough_scenario_classification\handoff_library_previews\libidx_000097__row_003369__label_0__success.png
98,3370,0,good,4.442656277803748,3.0913043478260867,success,True,0.0482981926817602,0.0,C:\Users\willi\MEX\PPO LSTM CR3BP\PPO LSTM CR3BP V4\rough_scenario_classification\handoff_library_previews\libidx_000098__row_003370__label_0__success.png
99,3371,1,savable,4.506122796058087,3.0913043478260867,timeout,False,0.0851130991607164,0.0117582325489082,C:\Users\willi\MEX\PPO LSTM CR3BP\PPO LSTM CR3BP V4\rough_scenario_classification\handoff_library_previews\libidx_000099__row_003371__label_1__timeout.png
100,3400,2,bad,0.0,3.097101449275362,invalid_preflyby_earth_return,False,0.982441878727368,,C:\Users\willi\MEX\PPO LSTM CR3BP\PPO LSTM CR3BP V4\rough_scenario_classification\handoff_library_previews\libidx_000100__row_003400__label_2__invalid_preflyby_earth_return.png
101,3414,2,bad,0.8885312555607496,3.097101449275362,invalid_preflyby_earth_return,False,0.9903385666184568,,C:\Users\willi\MEX\PPO LSTM CR3BP\PPO LSTM CR3BP V4\rough_scenario_classification\handoff_library_previews\libidx_000101__row_003414__label_2__invalid_preflyby_earth_return.png
102,3419,2,bad,1.205863846832446,3.097101449275362,invalid_preflyby_earth_return,False,0.9954453533436858,,C:\Users\willi\MEX\PPO LSTM CR3BP\PPO LSTM CR3BP V4\rough_scenario_classification\handoff_library_previews\libidx_000102__row_003419__label_2__invalid_preflyby_earth_return.png
103,3425,2,bad,1.5866629563584815,3.097101449275362,invalid_preflyby_earth_return,False,1.00210911074385,,C:\Users\willi\MEX\PPO LSTM CR3BP\PPO LSTM CR3BP V4\rough_scenario_classification\handoff_library_previews\libidx_000103__row_003425__label_2__invalid_preflyby_earth_return.png
104,3429,2,bad,1.8405290293758385,3.097101449275362,invalid_preflyby_earth_return,False,1.0064307803397057,,C:\Users\willi\MEX\PPO LSTM CR3BP\PPO LSTM CR3BP V4\rough_scenario_classification\handoff_library_previews\libidx_000104__row_003429__label_2__invalid_preflyby_earth_return.png
105,3436,2,bad,2.284794657156213,3.097101449275362,invalid_preflyby_earth_return,False,0.9946281840774004,,C:\Users\willi\MEX\PPO LSTM CR3BP\PPO LSTM CR3BP V4\rough_scenario_classification\handoff_library_previews\libidx_000105__row_003436__label_2__invalid_preflyby_earth_return.png
106,3447,2,bad,2.982926357953945,3.097101449275362,invalid_preflyby_earth_return,False,0.6550543017949311,,C:\Users\willi\MEX\PPO LSTM CR3BP\PPO LSTM CR3BP V4\rough_scenario_classification\handoff_library_previews\libidx_000106__row_003447__label_2__invalid_preflyby_earth_return.png
107,3448,2,bad,3.0463928762082846,3.097101449275362,invalid_preflyby_earth_return,False,0.615177100048751,,C:\Users\willi\MEX\PPO LSTM CR3BP\PPO LSTM CR3BP V4\rough_scenario_classification\handoff_library_previews\libidx_000107__row_003448__label_2__invalid_preflyby_earth_return.png
108,3449,2,bad,3.109859394462624,3.097101449275362,invalid_preflyby_earth_return,False,0.5761601913371587,,C:\Users\willi\MEX\PPO LSTM CR3BP\PPO LSTM CR3BP V4\rough_scenario_classification\handoff_library_previews\libidx_000108__row_003449__label_2__invalid_preflyby_earth_return.png
109,3459,1,savable,3.744524577006016,3.097101449275362,invalid_preflyby_earth_return,False,0.1685352095652518,,C:\Users\willi\MEX\PPO LSTM CR3BP\PPO LSTM CR3BP V4\rough_scenario_classification\handoff_library_previews\libidx_000109__row_003459__label_1__invalid_preflyby_earth_return.png
110,3460,1,savable,3.807991095260356,3.097101449275362,invalid_preflyby_earth_return,False,0.1165114185807158,,C:\Users\willi\MEX\PPO LSTM CR3BP\PPO LSTM CR3BP V4\rough_scenario_classification\handoff_library_previews\libidx_000110__row_003460__label_1__invalid_preflyby_earth_return.png
111,3461,1,savable,3.871457613514696,3.097101449275362,invalid_preflyby_earth_return,False,0.0766530470062788,,C:\Users\willi\MEX\PPO LSTM CR3BP\PPO LSTM CR3BP V4\rough_scenario_classification\handoff_library_previews\libidx_000111__row_003461__label_1__invalid_preflyby_earth_return.png
112,3464,0,good,4.0618571682777125,3.097101449275362,success,True,0.0167771940907002,0.0,C:\Users\willi\MEX\PPO LSTM CR3BP\PPO LSTM CR3BP V4\rough_scenario_classification\handoff_library_previews\libidx_000112__row_003464__label_0__success.png
113,3465,1,savable,4.125323686532052,3.097101449275362,earth_impact,True,0.0754032659332039,0.0017612015278105,C:\Users\willi\MEX\PPO LSTM CR3BP\PPO LSTM CR3BP V4\rough_scenario_classification\handoff_library_previews\libidx_000113__row_003465__label_1__earth_impact.png
114,3470,2,bad,4.442656277803748,3.097101449275362,invalid_preflyby_earth_return,False,0.1215264112542101,,C:\Users\willi\MEX\PPO LSTM CR3BP\PPO LSTM CR3BP V4\rough_scenario_classification\handoff_library_previews\libidx_000114__row_003470__label_2__invalid_preflyby_earth_return.png
115,3539,2,bad,2.475194211919231,3.1028985507246376,invalid_preflyby_earth_return,False,0.9163243821691308,,C:\Users\willi\MEX\PPO LSTM CR3BP\PPO LSTM CR3BP V4\rough_scenario_classification\handoff_library_previews\libidx_000115__row_003539__label_2__invalid_preflyby_earth_return.png
116,3559,1,savable,3.744524577006016,3.1028985507246376,invalid_preflyby_earth_return,False,0.1712192618649089,,C:\Users\willi\MEX\PPO LSTM CR3BP\PPO LSTM CR3BP V4\rough_scenario_classification\handoff_library_previews\libidx_000116__row_003559__label_1__invalid_preflyby_earth_return.png
117,3560,1,savable,3.807991095260356,3.1028985507246376,invalid_preflyby_earth_return,False,0.1142194624671793,,C:\Users\willi\MEX\PPO LSTM CR3BP\PPO LSTM CR3BP V4\rough_scenario_classification\handoff_library_previews\libidx_000117__row_003560__label_1__invalid_preflyby_earth_return.png
118,3564,1,savable,4.0618571682777125,3.1028985507246376,earth_impact,True,0.0442529724835143,0.0021840381869553,C:\Users\willi\MEX\PPO LSTM CR3BP\PPO LSTM CR3BP V4\rough_scenario_classification\handoff_library_previews\libidx_000118__row_003564__label_1__earth_impact.png
119,3651,2,bad,3.236792430971302,3.108695652173913,invalid_preflyby_earth_return,False,0.5019044767484193,,C:\Users\willi\MEX\PPO LSTM CR3BP\PPO LSTM CR3BP V4\rough_scenario_classification\handoff_library_previews\libidx_000119__row_003651__label_2__invalid_preflyby_earth_return.png
120,3659,1,savable,3.744524577006016,3.108695652173913,invalid_preflyby_earth_return,False,0.1741436201099426,,C:\Users\willi\MEX\PPO LSTM CR3BP\PPO LSTM CR3BP V4\rough_scenario_classification\handoff_library_previews\libidx_000120__row_003659__label_1__invalid_preflyby_earth_return.png
121,3660,1,savable,3.807991095260356,3.108695652173913,invalid_preflyby_earth_return,False,0.1173347939993496,,C:\Users\willi\MEX\PPO LSTM CR3BP\PPO LSTM CR3BP V4\rough_scenario_classification\handoff_library_previews\libidx_000121__row_003660__label_1__invalid_preflyby_earth_return.png
122,3663,1,savable,3.998390650023373,3.108695652173913,earth_impact,True,0.0677140688798004,0.0004621498242674,C:\Users\willi\MEX\PPO LSTM CR3BP\PPO LSTM CR3BP V4\rough_scenario_classification\handoff_library_previews\libidx_000122__row_003663__label_1__earth_impact.png
123,3664,1,savable,4.0618571682777125,3.108695652173913,earth_impact,True,0.0738738764498747,0.000821239175024,C:\Users\willi\MEX\PPO LSTM CR3BP\PPO LSTM CR3BP V4\rough_scenario_classification\handoff_library_previews\libidx_000123__row_003664__label_1__earth_impact.png
124,3682,2,bad,5.204254496855819,3.108695652173913,invalid_preflyby_earth_return,False,0.4758253949891338,,C:\Users\willi\MEX\PPO LSTM CR3BP\PPO LSTM CR3BP V4\rough_scenario_classification\handoff_library_previews\libidx_000124__row_003682__label_2__invalid_preflyby_earth_return.png
125,3705,2,bad,0.3173325912716963,3.114492753623188,invalid_preflyby_earth_return,False,0.9838668584061944,,C:\Users\willi\MEX\PPO LSTM CR3BP\PPO LSTM CR3BP V4\rough_scenario_classification\handoff_library_previews\libidx_000125__row_003705__label_2__invalid_preflyby_earth_return.png
126,3746,2,bad,2.9194598396996057,3.114492753623188,invalid_preflyby_earth_return,False,0.7064277032371302,,C:\Users\willi\MEX\PPO LSTM CR3BP\PPO LSTM CR3BP V4\rough_scenario_classification\handoff_library_previews\libidx_000126__row_003746__label_2__invalid_preflyby_earth_return.png
127,3759,1,savable,3.744524577006016,3.114492753623188,invalid_preflyby_earth_return,False,0.1632992436271038,,C:\Users\willi\MEX\PPO LSTM CR3BP\PPO LSTM CR3BP V4\rough_scenario_classification\handoff_library_previews\libidx_000127__row_003759__label_1__invalid_preflyby_earth_return.png
128,3763,1,savable,3.998390650023373,3.114492753623188,earth_impact,True,0.0513381505538148,0.0018392569330304,C:\Users\willi\MEX\PPO LSTM CR3BP\PPO LSTM CR3BP V4\rough_scenario_classification\handoff_library_previews\libidx_000128__row_003763__label_1__earth_impact.png
129,3795,2,bad,6.029319234162229,3.114492753623188,invalid_preflyby_earth_return,False,0.9825852464531862,,C:\Users\willi\MEX\PPO LSTM CR3BP\PPO LSTM CR3BP V4\rough_scenario_classification\handoff_library_previews\libidx_000129__row_003795__label_2__invalid_preflyby_earth_return.png
130,3799,2,bad,6.283185307179586,3.114492753623188,invalid_preflyby_earth_return,False,0.9824418826288482,,C:\Users\willi\MEX\PPO LSTM CR3BP\PPO LSTM CR3BP V4\rough_scenario_classification\handoff_library_previews\libidx_000130__row_003799__label_2__invalid_preflyby_earth_return.png
131,3803,2,bad,0.1903995547630178,3.120289855072464,invalid_preflyby_earth_return,False,0.9830884809502354,,C:\Users\willi\MEX\PPO LSTM CR3BP\PPO LSTM CR3BP V4\rough_scenario_classification\handoff_library_previews\libidx_000131__row_003803__label_2__invalid_preflyby_earth_return.png
132,3804,2,bad,0.253866073017357,3.120289855072464,invalid_preflyby_earth_return,False,0.9834439596114192,,C:\Users\willi\MEX\PPO LSTM CR3BP\PPO LSTM CR3BP V4\rough_scenario_classification\handoff_library_previews\libidx_000132__row_003804__label_2__invalid_preflyby_earth_return.png
133,3826,2,bad,1.6501294746128208,3.120289855072464,invalid_preflyby_earth_return,False,1.0032176995862034,,C:\Users\willi\MEX\PPO LSTM CR3BP\PPO LSTM CR3BP V4\rough_scenario_classification\handoff_library_previews\libidx_000133__row_003826__label_2__invalid_preflyby_earth_return.png
134,3833,2,bad,2.094395102393196,3.120289855072464,invalid_preflyby_earth_return,False,1.010337702941125,,C:\Users\willi\MEX\PPO LSTM CR3BP\PPO LSTM CR3BP V4\rough_scenario_classification\handoff_library_previews\libidx_000134__row_003833__label_2__invalid_preflyby_earth_return.png
135,3835,2,bad,2.221328138901874,3.120289855072464,invalid_preflyby_earth_return,False,1.0120548244322518,,C:\Users\willi\MEX\PPO LSTM CR3BP\PPO LSTM CR3BP V4\rough_scenario_classification\handoff_library_previews\libidx_000135__row_003835__label_2__invalid_preflyby_earth_return.png
136,3840,2,bad,2.53866073017357,3.120289855072464,invalid_preflyby_earth_return,False,0.8950492308223486,,C:\Users\willi\MEX\PPO LSTM CR3BP\PPO LSTM CR3BP V4\rough_scenario_classification\handoff_library_previews\libidx_000136__row_003840__label_2__invalid_preflyby_earth_return.png
137,3863,1,savable,3.998390650023373,3.120289855072464,earth_impact,True,0.0423682306153545,0.0004509201811718,C:\Users\willi\MEX\PPO LSTM CR3BP\PPO LSTM CR3BP V4\rough_scenario_classification\handoff_library_previews\libidx_000137__row_003863__label_1__earth_impact.png
138,3872,2,bad,4.569589314312426,3.120289855072464,invalid_preflyby_earth_return,False,0.3875679065079104,,C:\Users\willi\MEX\PPO LSTM CR3BP\PPO LSTM CR3BP V4\rough_scenario_classification\handoff_library_previews\libidx_000138__row_003872__label_2__invalid_preflyby_earth_return.png
139,3876,2,bad,4.823455387329783,3.120289855072464,invalid_preflyby_earth_return,False,0.48629564638754,,C:\Users\willi\MEX\PPO LSTM CR3BP\PPO LSTM CR3BP V4\rough_scenario_classification\handoff_library_previews\libidx_000139__row_003876__label_2__invalid_preflyby_earth_return.png
140,3890,2,bad,5.711986642890533,3.120289855072464,invalid_preflyby_earth_return,False,0.6374611013569536,,C:\Users\willi\MEX\PPO LSTM CR3BP\PPO LSTM CR3BP V4\rough_scenario_classification\handoff_library_previews\libidx_000140__row_003890__label_2__invalid_preflyby_earth_return.png
141,3937,2,bad,2.3482611754105527,3.126086956521739,timeout,False,0.9805581067063612,,C:\Users\willi\MEX\PPO LSTM CR3BP\PPO LSTM CR3BP V4\rough_scenario_classification\handoff_library_previews\libidx_000141__row_003937__label_2__timeout.png
142,4009,2,bad,0.5711986642890533,3.131884057971014,timeout,False,0.9861980893410957,,C:\Users\willi\MEX\PPO LSTM CR3BP\PPO LSTM CR3BP V4\rough_scenario_classification\handoff_library_previews\libidx_000142__row_004009__label_2__timeout.png
143,4026,2,bad,1.6501294746128208,3.131884057971014,timeout,False,1.0032194995175268,,C:\Users\willi\MEX\PPO LSTM CR3BP\PPO LSTM CR3BP V4\rough_scenario_classification\handoff_library_previews\libidx_000143__row_004026__label_2__timeout.png
144,4061,2,bad,3.871457613514696,3.131884057971014,escape,False,0.1150900318322386,1.031684530914197,C:\Users\willi\MEX\PPO LSTM CR3BP\PPO LSTM CR3BP V4\rough_scenario_classification\handoff_library_previews\libidx_000144__row_004061__label_2__escape.png
145,4062,0,good,3.934924131769034,3.131884057971014,success,True,0.0850828103871829,0.0,C:\Users\willi\MEX\PPO LSTM CR3BP\PPO LSTM CR3BP V4\rough_scenario_classification\handoff_library_previews\libidx_000145__row_004062__label_0__success.png
146,4069,2,bad,4.3791897595494085,3.131884057971014,timeout,False,0.3378393817705371,,C:\Users\willi\MEX\PPO LSTM CR3BP\PPO LSTM CR3BP V4\rough_scenario_classification\handoff_library_previews\libidx_000146__row_004069__label_2__timeout.png
147,4104,2,bad,0.253866073017357,3.1376811594202896,escape,False,0.9834446562455402,,C:\Users\willi\MEX\PPO LSTM CR3BP\PPO LSTM CR3BP V4\rough_scenario_classification\handoff_library_previews\libidx_000147__row_004104__label_2__escape.png
148,4133,2,bad,2.094395102393196,3.1376811594202896,escape,False,1.0103400328764829,,C:\Users\willi\MEX\PPO LSTM CR3BP\PPO LSTM CR3BP V4\rough_scenario_classification\handoff_library_previews\libidx_000148__row_004133__label_2__escape.png
149,4135,2,bad,2.221328138901874,3.1376811594202896,escape,False,1.012056962172788,,C:\Users\willi\MEX\PPO LSTM CR3BP\PPO LSTM CR3BP V4\rough_scenario_classification\handoff_library_previews\libidx_000149__row_004135__label_2__escape.png
150,4162,0,good,3.934924131769034,3.1376811594202896,success,True,0.1016719942674825,0.0,C:\Users\willi\MEX\PPO LSTM CR3BP\PPO LSTM CR3BP V4\rough_scenario_classification\handoff_library_previews\libidx_000150__row_004162__label_0__success.png
151,4200,2,bad,0.0,3.143478260869565,escape,False,0.982441889146896,,C:\Users\willi\MEX\PPO LSTM CR3BP\PPO LSTM CR3BP V4\rough_scenario_classification\handoff_library_previews\libidx_000151__row_004200__label_2__escape.png
152,4262,0,good,3.934924131769034,3.143478260869565,success,True,0.1161206297978993,0.0,C:\Users\willi\MEX\PPO LSTM CR3BP\PPO LSTM CR3BP V4\rough_scenario_classification\handoff_library_previews\libidx_000152__row_004262__label_0__success.png
153,4272,2,bad,4.569589314312426,3.143478260869565,escape,False,0.5182420476769659,,C:\Users\willi\MEX\PPO LSTM CR3BP\PPO LSTM CR3BP V4\rough_scenario_classification\handoff_library_previews\libidx_000153__row_004272__label_2__escape.png
154,4283,2,bad,5.267721015110158,3.143478260869565,escape,False,0.9677383227009037,,C:\Users\willi\MEX\PPO LSTM CR3BP\PPO LSTM CR3BP V4\rough_scenario_classification\handoff_library_previews\libidx_000154__row_004283__label_2__escape.png
155,4287,2,bad,5.521587088127515,3.143478260869565,escape,False,0.9861892618095576,,C:\Users\willi\MEX\PPO LSTM CR3BP\PPO LSTM CR3BP V4\rough_scenario_classification\handoff_library_previews\libidx_000155__row_004287__label_2__escape.png
156,4343,2,bad,2.729060284936588,3.1492753623188405,escape,False,0.819390380224031,,C:\Users\willi\MEX\PPO LSTM CR3BP\PPO LSTM CR3BP V4\rough_scenario_classification\handoff_library_previews\libidx_000156__row_004343__label_2__escape.png
157,4344,2,bad,2.792526803190927,3.1492753623188405,escape,False,0.7912423055226455,,C:\Users\willi\MEX\PPO LSTM CR3BP\PPO LSTM CR3BP V4\rough_scenario_classification\handoff_library_previews\libidx_000157__row_004344__label_2__escape.png
158,4349,2,bad,3.109859394462624,3.1492753623188405,escape,False,0.5959013667046833,,C:\Users\willi\MEX\PPO LSTM CR3BP\PPO LSTM CR3BP V4\rough_scenario_classification\handoff_library_previews\libidx_000158__row_004349__label_2__escape.png
159,4358,2,bad,3.681058058751677,3.1492753623188405,escape,False,0.1799596227060954,,C:\Users\willi\MEX\PPO LSTM CR3BP\PPO LSTM CR3BP V4\rough_scenario_classification\handoff_library_previews\libidx_000159__row_004358__label_2__escape.png
160,4368,2,bad,4.3157232412950695,3.1492753623188405,escape,False,0.3364786101983886,,C:\Users\willi\MEX\PPO LSTM CR3BP\PPO LSTM CR3BP V4\rough_scenario_classification\handoff_library_previews\libidx_000160__row_004368__label_2__escape.png
161,4381,2,bad,5.14078797860148,3.1492753623188405,escape,False,0.957296205100495,,C:\Users\willi\MEX\PPO LSTM CR3BP\PPO LSTM CR3BP V4\rough_scenario_classification\handoff_library_previews\libidx_000161__row_004381__label_2__escape.png
162,4401,2,bad,0.0634665182543392,3.155072463768116,escape,False,0.9825867364377492,,C:\Users\willi\MEX\PPO LSTM CR3BP\PPO LSTM CR3BP V4\rough_scenario_classification\handoff_library_previews\libidx_000162__row_004401__label_2__escape.png
163,4478,2,bad,4.950388423838462,3.155072463768116,escape,False,0.8644713095984122,,C:\Users\willi\MEX\PPO LSTM CR3BP\PPO LSTM CR3BP V4\rough_scenario_classification\handoff_library_previews\libidx_000163__row_004478__label_2__escape.png
164,4526,2,bad,1.6501294746128208,3.160869565217391,escape,False,1.0032239993461909,,C:\Users\willi\MEX\PPO LSTM CR3BP\PPO LSTM CR3BP V4\rough_scenario_classification\handoff_library_previews\libidx_000164__row_004526__label_2__escape.png
165,4539,2,bad,2.475194211919231,3.160869565217391,escape,False,0.9384951233082288,,C:\Users\willi\MEX\PPO LSTM CR3BP\PPO LSTM CR3BP V4\rough_scenario_classification\handoff_library_previews\libidx_000165__row_004539__label_2__escape.png
166,4551,2,bad,3.236792430971302,3.160869565217391,escape,False,0.5113405689116578,,C:\Users\willi\MEX\PPO LSTM CR3BP\PPO LSTM CR3BP V4\rough_scenario_classification\handoff_library_previews\libidx_000166__row_004551__label_2__escape.png
167,4554,2,bad,3.42719198573432,3.160869565217391,escape,False,0.3855953270597441,,C:\Users\willi\MEX\PPO LSTM CR3BP\PPO LSTM CR3BP V4\rough_scenario_classification\handoff_library_previews\libidx_000167__row_004554__label_2__escape.png
168,4571,2,bad,4.506122796058087,3.160869565217391,escape,False,0.5202246786336582,,C:\Users\willi\MEX\PPO LSTM CR3BP\PPO LSTM CR3BP V4\rough_scenario_classification\handoff_library_previews\libidx_000168__row_004571__label_2__escape.png
169,4573,2,bad,4.6330558325667655,3.160869565217391,escape,False,0.6316633632672458,,C:\Users\willi\MEX\PPO LSTM CR3BP\PPO LSTM CR3BP V4\rough_scenario_classification\handoff_library_previews\libidx_000169__row_004573__label_2__escape.png
170,4588,2,bad,5.585053606381854,3.160869565217391,escape,False,0.9855146938904767,,C:\Users\willi\MEX\PPO LSTM CR3BP\PPO LSTM CR3BP V4\rough_scenario_classification\handoff_library_previews\libidx_000170__row_004588__label_2__escape.png
171,4608,2,bad,0.5077321460347141,3.1666666666666665,escape,False,0.985527264366558,,C:\Users\willi\MEX\PPO LSTM CR3BP\PPO LSTM CR3BP V4\rough_scenario_classification\handoff_library_previews\libidx_000171__row_004608__label_2__escape.png
172,4614,2,bad,0.8885312555607496,3.1666666666666665,escape,False,0.9903470864974472,,C:\Users\willi\MEX\PPO LSTM CR3BP\PPO LSTM CR3BP V4\rough_scenario_classification\handoff_library_previews\libidx_000172__row_004614__label_2__escape.png
173,4630,2,bad,1.9039955476301773,3.1666666666666665,escape,False,1.007466260036621,,C:\Users\willi\MEX\PPO LSTM CR3BP\PPO LSTM CR3BP V4\rough_scenario_classification\handoff_library_previews\libidx_000173__row_004630__label_2__escape.png
174,4652,2,bad,3.3002589492256416,3.1666666666666665,escape,False,0.4687313976158174,,C:\Users\willi\MEX\PPO LSTM CR3BP\PPO LSTM CR3BP V4\rough_scenario_classification\handoff_library_previews\libidx_000174__row_004652__label_2__escape.png
175,4663,2,bad,3.998390650023373,3.1666666666666665,escape,False,0.121900097748145,,C:\Users\willi\MEX\PPO LSTM CR3BP\PPO LSTM CR3BP V4\rough_scenario_classification\handoff_library_previews\libidx_000175__row_004663__label_2__escape.png
176,4690,2,bad,5.711986642890533,3.1666666666666665,escape,False,0.9843483471048788,,C:\Users\willi\MEX\PPO LSTM CR3BP\PPO LSTM CR3BP V4\rough_scenario_classification\handoff_library_previews\libidx_000176__row_004690__label_2__escape.png
177,4699,2,bad,6.283185307179586,3.1666666666666665,escape,False,0.9824418943753568,,C:\Users\willi\MEX\PPO LSTM CR3BP\PPO LSTM CR3BP V4\rough_scenario_classification\handoff_library_previews\libidx_000177__row_004699__label_2__escape.png
178,4724,2,bad,1.5231964381041423,3.172463768115942,escape,False,1.0010067834134737,,C:\Users\willi\MEX\PPO LSTM CR3BP\PPO LSTM CR3BP V4\rough_scenario_classification\handoff_library_previews\libidx_000178__row_004724__label_2__escape.png
179,4727,2,bad,1.71359599286716,3.172463768115942,escape,False,1.0043171942446365,,C:\Users\willi\MEX\PPO LSTM CR3BP\PPO LSTM CR3BP V4\rough_scenario_classification\handoff_library_previews\libidx_000179__row_004727__label_2__escape.png
180,4735,2,bad,2.221328138901874,3.172463768115942,escape,False,1.01206123766317,,C:\Users\willi\MEX\PPO LSTM CR3BP\PPO LSTM CR3BP V4\rough_scenario_classification\handoff_library_previews\libidx_000180__row_004735__label_2__escape.png
181,4763,2,bad,3.998390650023373,3.172463768115942,escape,False,0.1132952866190673,,C:\Users\willi\MEX\PPO LSTM CR3BP\PPO LSTM CR3BP V4\rough_scenario_classification\handoff_library_previews\libidx_000181__row_004763__label_2__escape.png
182,4802,2,bad,0.1269330365086785,3.178260869565217,escape,False,0.9828033937316256,,C:\Users\willi\MEX\PPO LSTM CR3BP\PPO LSTM CR3BP V4\rough_scenario_classification\handoff_library_previews\libidx_000182__row_004802__label_2__escape.png
183,4805,2,bad,0.3173325912716963,3.178260869565217,escape,False,0.9838700271868897,,C:\Users\willi\MEX\PPO LSTM CR3BP\PPO LSTM CR3BP V4\rough_scenario_classification\handoff_library_previews\libidx_000183__row_004805__label_2__escape.png
184,4813,2,bad,0.8250647373064104,3.178260869565217,escape,False,0.9894268585584064,,C:\Users\willi\MEX\PPO LSTM CR3BP\PPO LSTM CR3BP V4\rough_scenario_classification\handoff_library_previews\libidx_000184__row_004813__label_2__escape.png
185,4829,2,bad,1.8405290293758385,3.178260869565217,escape,False,1.0064429250206457,,C:\Users\willi\MEX\PPO LSTM CR3BP\PPO LSTM CR3BP V4\rough_scenario_classification\handoff_library_previews\libidx_000185__row_004829__label_2__escape.png
186,4842,2,bad,2.6655937666822487,3.178260869565217,escape,False,0.8565818709013404,,C:\Users\willi\MEX\PPO LSTM CR3BP\PPO LSTM CR3BP V4\rough_scenario_classification\handoff_library_previews\libidx_000186__row_004842__label_2__escape.png
187,4885,2,bad,5.394654051618837,3.178260869565217,escape,False,0.987695966937676,,C:\Users\willi\MEX\PPO LSTM CR3BP\PPO LSTM CR3BP V4\rough_scenario_classification\handoff_library_previews\libidx_000187__row_004885__label_2__escape.png
188,4942,2,bad,2.6655937666822487,3.1840579710144925,escape,False,0.8583768605169161,,C:\Users\willi\MEX\PPO LSTM CR3BP\PPO LSTM CR3BP V4\rough_scenario_classification\handoff_library_previews\libidx_000188__row_004942__label_2__escape.png
189,4949,2,bad,3.109859394462624,3.1840579710144925,escape,False,0.6159414183745956,,C:\Users\willi\MEX\PPO LSTM CR3BP\PPO LSTM CR3BP V4\rough_scenario_classification\handoff_library_previews\libidx_000189__row_004949__label_2__escape.png
190,4966,2,bad,4.188790204786391,3.1840579710144925,escape,False,0.2757159424669421,,C:\Users\willi\MEX\PPO LSTM CR3BP\PPO LSTM CR3BP V4\rough_scenario_classification\handoff_library_previews\libidx_000190__row_004966__label_2__escape.png
191,4976,2,bad,4.823455387329783,3.1840579710144925,escape,False,0.8671011794238986,,C:\Users\willi\MEX\PPO LSTM CR3BP\PPO LSTM CR3BP V4\rough_scenario_classification\handoff_library_previews\libidx_000191__row_004976__label_2__escape.png
192,5001,2,bad,0.0634665182543392,3.189855072463768,escape,False,0.9825870944667596,,C:\Users\willi\MEX\PPO LSTM CR3BP\PPO LSTM CR3BP V4\rough_scenario_classification\handoff_library_previews\libidx_000192__row_005001__label_2__escape.png
193,5008,2,bad,0.5077321460347141,3.189855072463768,escape,False,0.9855290539395696,,C:\Users\willi\MEX\PPO LSTM CR3BP\PPO LSTM CR3BP V4\rough_scenario_classification\handoff_library_previews\libidx_000193__row_005008__label_2__escape.png
194,5034,2,bad,2.1578616206475347,3.189855072463768,escape,False,1.0112277332217805,,C:\Users\willi\MEX\PPO LSTM CR3BP\PPO LSTM CR3BP V4\rough_scenario_classification\handoff_library_previews\libidx_000194__row_005034__label_2__escape.png
195,5046,2,bad,2.9194598396996057,3.189855072463768,escape,False,0.7424544093651022,,C:\Users\willi\MEX\PPO LSTM CR3BP\PPO LSTM CR3BP V4\rough_scenario_classification\handoff_library_previews\libidx_000195__row_005046__label_2__escape.png
196,5106,2,bad,0.3807991095260356,3.1956521739130435,escape,False,0.9843607065732152,,C:\Users\willi\MEX\PPO LSTM CR3BP\PPO LSTM CR3BP V4\rough_scenario_classification\handoff_library_previews\libidx_000196__row_005106__label_2__escape.png
197,5119,2,bad,1.205863846832446,3.1956521739130435,escape,False,0.9954598020889354,,C:\Users\willi\MEX\PPO LSTM CR3BP\PPO LSTM CR3BP V4\rough_scenario_classification\handoff_library_previews\libidx_000197__row_005119__label_2__escape.png
198,5120,2,bad,1.269330365086785,3.1956521739130435,escape,False,0.9965522708959432,,C:\Users\willi\MEX\PPO LSTM CR3BP\PPO LSTM CR3BP V4\rough_scenario_classification\handoff_library_previews\libidx_000198__row_005120__label_2__escape.png
199,5139,2,bad,2.475194211919231,3.1956521739130435,escape,False,0.95235110764816,,C:\Users\willi\MEX\PPO LSTM CR3BP\PPO LSTM CR3BP V4\rough_scenario_classification\handoff_library_previews\libidx_000199__row_005139__label_2__escape.png
200,5196,2,bad,6.092785752416569,3.1956521739130435,escape,False,0.9824388173625426,,C:\Users\willi\MEX\PPO LSTM CR3BP\PPO LSTM CR3BP V4\rough_scenario_classification\handoff_library_previews\libidx_000200__row_005196__label_2__escape.png
201,5222,2,bad,1.3962634015954636,3.2014492753623185,escape,False,0.9987735817177338,,C:\Users\willi\MEX\PPO LSTM CR3BP\PPO LSTM CR3BP V4\rough_scenario_classification\handoff_library_previews\libidx_000201__row_005222__label_2__escape.png
202,5232,2,bad,2.030928584138856,3.2014492753623185,escape,False,1.0094262853486795,,C:\Users\willi\MEX\PPO LSTM CR3BP\PPO LSTM CR3BP V4\rough_scenario_classification\handoff_library_previews\libidx_000202__row_005232__label_2__escape.png
203,5262,2,bad,3.934924131769034,3.2014492753623185,escape,False,0.0447686912888053,0.9837455116496456,C:\Users\willi\MEX\PPO LSTM CR3BP\PPO LSTM CR3BP V4\rough_scenario_classification\handoff_library_previews\libidx_000203__row_005262__label_2__escape.png
204,5264,2,bad,4.0618571682777125,3.2014492753623185,escape,False,0.1532400368159822,,C:\Users\willi\MEX\PPO LSTM CR3BP\PPO LSTM CR3BP V4\rough_scenario_classification\handoff_library_previews\libidx_000204__row_005264__label_2__escape.png
205,5269,2,bad,4.3791897595494085,3.2014492753623185,escape,False,0.4551589271328942,,C:\Users\willi\MEX\PPO LSTM CR3BP\PPO LSTM CR3BP V4\rough_scenario_classification\handoff_library_previews\libidx_000205__row_005269__label_2__escape.png
206,5271,2,bad,4.506122796058087,3.2014492753623185,escape,False,0.5750891543913477,,C:\Users\willi\MEX\PPO LSTM CR3BP\PPO LSTM CR3BP V4\rough_scenario_classification\handoff_library_previews\libidx_000206__row_005271__label_2__escape.png
207,5287,2,bad,5.521587088127515,3.2014492753623185,escape,False,0.9861829487122852,,C:\Users\willi\MEX\PPO LSTM CR3BP\PPO LSTM CR3BP V4\rough_scenario_classification\handoff_library_previews\libidx_000207__row_005287__label_2__escape.png
208,5312,2,bad,0.7615982190520711,3.207246376811594,escape,False,0.9885509886324768,,C:\Users\willi\MEX\PPO LSTM CR3BP\PPO LSTM CR3BP V4\rough_scenario_classification\handoff_library_previews\libidx_000208__row_005312__label_2__escape.png
209,5320,2,bad,1.269330365086785,3.207246376811594,escape,False,0.9965540065764183,,C:\Users\willi\MEX\PPO LSTM CR3BP\PPO LSTM CR3BP V4\rough_scenario_classification\handoff_library_previews\libidx_000209__row_005320__label_2__escape.png
210,5327,2,bad,1.71359599286716,3.207246376811594,escape,False,1.004322550272992,,C:\Users\willi\MEX\PPO LSTM CR3BP\PPO LSTM CR3BP V4\rough_scenario_classification\handoff_library_previews\libidx_000210__row_005327__label_2__escape.png
211,5364,2,bad,4.0618571682777125,3.207246376811594,escape,False,0.1517139972064241,,C:\Users\willi\MEX\PPO LSTM CR3BP\PPO LSTM CR3BP V4\rough_scenario_classification\handoff_library_previews\libidx_000211__row_005364__label_2__escape.png
212,5386,2,bad,5.458120569873176,3.207246376811594,escape,False,0.9869108136296604,,C:\Users\willi\MEX\PPO LSTM CR3BP\PPO LSTM CR3BP V4\rough_scenario_classification\handoff_library_previews\libidx_000212__row_005386__label_2__escape.png
213,5390,2,bad,5.711986642890533,3.207246376811594,escape,False,0.9843448803420852,,C:\Users\willi\MEX\PPO LSTM CR3BP\PPO LSTM CR3BP V4\rough_scenario_classification\handoff_library_previews\libidx_000213__row_005390__label_2__escape.png
214,5395,2,bad,6.029319234162229,3.207246376811594,escape,False,0.9825815698493716,,C:\Users\willi\MEX\PPO LSTM CR3BP\PPO LSTM CR3BP V4\rough_scenario_classification\handoff_library_previews\libidx_000214__row_005395__label_2__escape.png
215,5430,2,bad,1.9039955476301773,3.213043478260869,escape,False,1.0074730576434914,,C:\Users\willi\MEX\PPO LSTM CR3BP\PPO LSTM CR3BP V4\rough_scenario_classification\handoff_library_previews\libidx_000215__row_005430__label_2__escape.png
216,5441,2,bad,2.6021272484279097,3.213043478260869,escape,False,0.8983199163995331,,C:\Users\willi\MEX\PPO LSTM CR3BP\PPO LSTM CR3BP V4\rough_scenario_classification\handoff_library_previews\libidx_000216__row_005441__label_2__escape.png
217,5462,2,bad,3.934924131769034,3.213043478260869,escape,False,0.0658620015275002,1.005933545200959,C:\Users\willi\MEX\PPO LSTM CR3BP\PPO LSTM CR3BP V4\rough_scenario_classification\handoff_library_previews\libidx_000217__row_005462__label_2__escape.png
218,5470,2,bad,4.442656277803748,3.213043478260869,escape,False,0.52596434930968,,C:\Users\willi\MEX\PPO LSTM CR3BP\PPO LSTM CR3BP V4\rough_scenario_classification\handoff_library_previews\libidx_000218__row_005470__label_2__escape.png
219,5473,2,bad,4.6330558325667655,3.213043478260869,escape,False,0.7101029041200648,,C:\Users\willi\MEX\PPO LSTM CR3BP\PPO LSTM CR3BP V4\rough_scenario_classification\handoff_library_previews\libidx_000219__row_005473__label_2__escape.png
220,5476,2,bad,4.823455387329783,3.213043478260869,escape,False,0.8954046970477111,,C:\Users\willi\MEX\PPO LSTM CR3BP\PPO LSTM CR3BP V4\rough_scenario_classification\handoff_library_previews\libidx_000220__row_005476__label_2__escape.png
221,5483,2,bad,5.267721015110158,3.213043478260869,escape,False,0.9894009191926588,,C:\Users\willi\MEX\PPO LSTM CR3BP\PPO LSTM CR3BP V4\rough_scenario_classification\handoff_library_previews\libidx_000221__row_005483__label_2__escape.png
222,5531,2,bad,1.967462065884517,3.218840579710145,escape,False,1.0084684438869196,,C:\Users\willi\MEX\PPO LSTM CR3BP\PPO LSTM CR3BP V4\rough_scenario_classification\handoff_library_previews\libidx_000222__row_005531__label_2__escape.png
223,5542,2,bad,2.6655937666822487,3.218840579710145,escape,False,0.8694773040778009,,C:\Users\willi\MEX\PPO LSTM CR3BP\PPO LSTM CR3BP V4\rough_scenario_classification\handoff_library_previews\libidx_000223__row_005542__label_2__escape.png
224,5583,2,bad,5.267721015110158,3.218840579710145,escape,False,0.98940014409602,,C:\Users\willi\MEX\PPO LSTM CR3BP\PPO LSTM CR3BP V4\rough_scenario_classification\handoff_library_previews\libidx_000224__row_005583__label_2__escape.png
225,5596,2,bad,6.092785752416569,3.218840579710145,escape,False,0.9824381259471991,,C:\Users\willi\MEX\PPO LSTM CR3BP\PPO LSTM CR3BP V4\rough_scenario_classification\handoff_library_previews\libidx_000225__row_005596__label_2__escape.png
226,5609,2,bad,0.5711986642890533,3.22463768115942,escape,False,0.9862060415109511,,C:\Users\willi\MEX\PPO LSTM CR3BP\PPO LSTM CR3BP V4\rough_scenario_classification\handoff_library_previews\libidx_000226__row_005609__label_2__escape.png
227,5634,2,bad,2.1578616206475347,3.22463768115942,escape,False,1.01123220965309,,C:\Users\willi\MEX\PPO LSTM CR3BP\PPO LSTM CR3BP V4\rough_scenario_classification\handoff_library_previews\libidx_000227__row_005634__label_2__escape.png
228,5648,2,bad,3.0463928762082846,3.22463768115942,escape,False,0.690224219997854,,C:\Users\willi\MEX\PPO LSTM CR3BP\PPO LSTM CR3BP V4\rough_scenario_classification\handoff_library_previews\libidx_000228__row_005648__label_2__escape.png
229,5653,2,bad,3.3637254674799806,3.22463768115942,escape,False,0.4404535466592113,,C:\Users\willi\MEX\PPO LSTM CR3BP\PPO LSTM CR3BP V4\rough_scenario_classification\handoff_library_previews\libidx_000229__row_005653__label_2__escape.png
230,5655,2,bad,3.490658503988659,3.22463768115942,escape,False,0.343180557853634,,C:\Users\willi\MEX\PPO LSTM CR3BP\PPO LSTM CR3BP V4\rough_scenario_classification\handoff_library_previews\libidx_000230__row_005655__label_2__escape.png
231,5657,2,bad,3.6175915404973376,3.22463768115942,escape,False,0.2573211507373975,,C:\Users\willi\MEX\PPO LSTM CR3BP\PPO LSTM CR3BP V4\rough_scenario_classification\handoff_library_previews\libidx_000231__row_005657__label_2__escape.png
232,5670,2,bad,4.442656277803748,3.22463768115942,escape,False,0.5280613620315199,,C:\Users\willi\MEX\PPO LSTM CR3BP\PPO LSTM CR3BP V4\rough_scenario_classification\handoff_library_previews\libidx_000232__row_005670__label_2__escape.png
233,5723,2,bad,1.4597299198498028,3.2304347826086954,escape,False,0.9998970392257645,,C:\Users\willi\MEX\PPO LSTM CR3BP\PPO LSTM CR3BP V4\rough_scenario_classification\handoff_library_previews\libidx_000233__row_005723__label_2__escape.png
234,5763,2,bad,3.998390650023373,3.2304347826086954,escape,False,0.1117397435155335,,C:\Users\willi\MEX\PPO LSTM CR3BP\PPO LSTM CR3BP V4\rough_scenario_classification\handoff_library_previews\libidx_000234__row_005763__label_2__escape.png
235,5787,2,bad,5.521587088127515,3.2304347826086954,escape,False,0.9861797921779522,,C:\Users\willi\MEX\PPO LSTM CR3BP\PPO LSTM CR3BP V4\rough_scenario_classification\handoff_library_previews\libidx_000235__row_005787__label_2__escape.png
236,5841,2,bad,2.6021272484279097,3.236231884057971,escape,False,0.906627797844054,,C:\Users\willi\MEX\PPO LSTM CR3BP\PPO LSTM CR3BP V4\rough_scenario_classification\handoff_library_previews\libidx_000236__row_005841__label_2__escape.png
237,5848,2,bad,3.0463928762082846,3.236231884057971,escape,False,0.6914235807811727,,C:\Users\willi\MEX\PPO LSTM CR3BP\PPO LSTM CR3BP V4\rough_scenario_classification\handoff_library_previews\libidx_000237__row_005848__label_2__escape.png
238,5867,2,bad,4.25225672304073,3.236231884057971,escape,False,0.3360447602200341,,C:\Users\willi\MEX\PPO LSTM CR3BP\PPO LSTM CR3BP V4\rough_scenario_classification\handoff_library_previews\libidx_000238__row_005867__label_2__escape.png
239,5943,2,bad,2.729060284936588,3.242028985507246,escape,False,0.8455518007908271,,C:\Users\willi\MEX\PPO LSTM CR3BP\PPO LSTM CR3BP V4\rough_scenario_classification\handoff_library_previews\libidx_000239__row_005943__label_2__escape.png
240,5951,2,bad,3.236792430971302,3.242028985507246,escape,False,0.5529395411855432,,C:\Users\willi\MEX\PPO LSTM CR3BP\PPO LSTM CR3BP V4\rough_scenario_classification\handoff_library_previews\libidx_000240__row_005951__label_2__escape.png
241,5984,2,bad,5.331187533364497,3.242028985507246,escape,False,0.9885194094712386,,C:\Users\willi\MEX\PPO LSTM CR3BP\PPO LSTM CR3BP V4\rough_scenario_classification\handoff_library_previews\libidx_000241__row_005984__label_2__escape.png
242,6031,2,bad,1.967462065884517,3.2478260869565214,escape,False,1.008472586757647,,C:\Users\willi\MEX\PPO LSTM CR3BP\PPO LSTM CR3BP V4\rough_scenario_classification\handoff_library_previews\libidx_000242__row_006031__label_2__escape.png
243,6106,2,bad,0.3807991095260356,3.253623188405797,escape,False,0.9843641337046948,,C:\Users\willi\MEX\PPO LSTM CR3BP\PPO LSTM CR3BP V4\rough_scenario_classification\handoff_library_previews\libidx_000243__row_006106__label_2__escape.png
244,6131,2,bad,1.967462065884517,3.253623188405797,escape,False,1.0084734153322668,,C:\Users\willi\MEX\PPO LSTM CR3BP\PPO LSTM CR3BP V4\rough_scenario_classification\handoff_library_previews\libidx_000244__row_006131__label_2__escape.png
245,6199,2,bad,6.283185307179586,3.253623188405797,escape,False,0.9824419140930996,,C:\Users\willi\MEX\PPO LSTM CR3BP\PPO LSTM CR3BP V4\rough_scenario_classification\handoff_library_previews\libidx_000245__row_006199__label_2__escape.png
246,6234,2,bad,2.1578616206475347,3.2594202898550724,escape,False,1.011236686094997,,C:\Users\willi\MEX\PPO LSTM CR3BP\PPO LSTM CR3BP V4\rough_scenario_classification\handoff_library_previews\libidx_000246__row_006234__label_2__escape.png
247,6240,2,bad,2.53866073017357,3.2594202898550724,escape,False,0.9469601225978924,,C:\Users\willi\MEX\PPO LSTM CR3BP\PPO LSTM CR3BP V4\rough_scenario_classification\handoff_library_previews\libidx_000247__row_006240__label_2__escape.png
248,6249,2,bad,3.109859394462624,3.2594202898550724,escape,False,0.6648436579626572,,C:\Users\willi\MEX\PPO LSTM CR3BP\PPO LSTM CR3BP V4\rough_scenario_classification\handoff_library_previews\libidx_000248__row_006249__label_2__escape.png
249,6274,2,bad,4.696522350821105,3.2594202898550724,escape,False,0.7796153745493358,,C:\Users\willi\MEX\PPO LSTM CR3BP\PPO LSTM CR3BP V4\rough_scenario_classification\handoff_library_previews\libidx_000249__row_006274__label_2__escape.png
250,6291,2,bad,5.775453161144872,3.2594202898550724,escape,False,0.9838530041279188,,C:\Users\willi\MEX\PPO LSTM CR3BP\PPO LSTM CR3BP V4\rough_scenario_classification\handoff_library_previews\libidx_000250__row_006291__label_2__escape.png
251,6378,2,bad,4.950388423838462,3.265217391304348,escape,False,0.9435886376960272,,C:\Users\willi\MEX\PPO LSTM CR3BP\PPO LSTM CR3BP V4\rough_scenario_classification\handoff_library_previews\libidx_000251__row_006378__label_2__escape.png
252,6445,2,bad,2.855993321445266,3.271014492753623,escape,False,0.7898510586250296,,C:\Users\willi\MEX\PPO LSTM CR3BP\PPO LSTM CR3BP V4\rough_scenario_classification\handoff_library_previews\libidx_000252__row_006445__label_2__escape.png
253,6457,2,bad,3.6175915404973376,3.271014492753623,escape,False,0.2526684877808703,,C:\Users\willi\MEX\PPO LSTM CR3BP\PPO LSTM CR3BP V4\rough_scenario_classification\handoff_library_previews\libidx_000253__row_006457__label_2__escape.png
254,6545,2,bad,2.855993321445266,3.2768115942028984,escape,False,0.7913244023103586,,C:\Users\willi\MEX\PPO LSTM CR3BP\PPO LSTM CR3BP V4\rough_scenario_classification\handoff_library_previews\libidx_000254__row_006545__label_2__escape.png
255,6549,2,bad,3.109859394462624,3.2768115942028984,escape,False,0.6663572709857318,,C:\Users\willi\MEX\PPO LSTM CR3BP\PPO LSTM CR3BP V4\rough_scenario_classification\handoff_library_previews\libidx_000255__row_006549__label_2__escape.png
256,6554,2,bad,3.42719198573432,3.2768115942028984,escape,False,0.4126629009764083,,C:\Users\willi\MEX\PPO LSTM CR3BP\PPO LSTM CR3BP V4\rough_scenario_classification\handoff_library_previews\libidx_000256__row_006554__label_2__escape.png
257,6618,2,bad,1.1423973285781066,3.282608695652174,escape,False,0.9943975346800176,,C:\Users\willi\MEX\PPO LSTM CR3BP\PPO LSTM CR3BP V4\rough_scenario_classification\handoff_library_previews\libidx_000257__row_006618__label_2__escape.png
258,6638,2,bad,2.411727693664892,3.282608695652174,escape,False,1.0142779226746454,,C:\Users\willi\MEX\PPO LSTM CR3BP\PPO LSTM CR3BP V4\rough_scenario_classification\handoff_library_previews\libidx_000258__row_006638__label_2__escape.png
259,6671,2,bad,4.506122796058087,3.282608695652174,escape,False,0.5927533057373802,,C:\Users\willi\MEX\PPO LSTM CR3BP\PPO LSTM CR3BP V4\rough_scenario_classification\handoff_library_previews\libidx_000259__row_006671__label_2__escape.png
260,6686,2,bad,5.458120569873176,3.282608695652174,escape,False,0.9869020827190682,,C:\Users\willi\MEX\PPO LSTM CR3BP\PPO LSTM CR3BP V4\rough_scenario_classification\handoff_library_previews\libidx_000260__row_006686__label_2__escape.png
261,6696,2,bad,6.092785752416569,3.282608695652174,escape,False,0.9824362246167256,,C:\Users\willi\MEX\PPO LSTM CR3BP\PPO LSTM CR3BP V4\rough_scenario_classification\handoff_library_previews\libidx_000261__row_006696__label_2__escape.png
262,6723,2,bad,1.4597299198498028,3.288405797101449,escape,False,0.999906041186258,,C:\Users\willi\MEX\PPO LSTM CR3BP\PPO LSTM CR3BP V4\rough_scenario_classification\handoff_library_previews\libidx_000262__row_006723__label_2__escape.png
263,6745,2,bad,2.855993321445266,3.288405797101449,escape,False,0.7943213925943847,,C:\Users\willi\MEX\PPO LSTM CR3BP\PPO LSTM CR3BP V4\rough_scenario_classification\handoff_library_previews\libidx_000263__row_006745__label_2__escape.png
264,6754,2,bad,3.42719198573432,3.288405797101449,escape,False,0.4191008370607281,,C:\Users\willi\MEX\PPO LSTM CR3BP\PPO LSTM CR3BP V4\rough_scenario_classification\handoff_library_previews\libidx_000264__row_006754__label_2__escape.png
265,6795,2,bad,6.029319234162229,3.288405797101449,escape,False,0.9825783529732752,,C:\Users\willi\MEX\PPO LSTM CR3BP\PPO LSTM CR3BP V4\rough_scenario_classification\handoff_library_previews\libidx_000265__row_006795__label_2__escape.png
266,6834,2,bad,2.1578616206475347,3.2942028985507243,escape,False,1.0112411625475024,,C:\Users\willi\MEX\PPO LSTM CR3BP\PPO LSTM CR3BP V4\rough_scenario_classification\handoff_library_previews\libidx_000266__row_006834__label_2__escape.png
267,6871,2,bad,4.506122796058087,3.2942028985507243,escape,False,0.5951210449950031,,C:\Users\willi\MEX\PPO LSTM CR3BP\PPO LSTM CR3BP V4\rough_scenario_classification\handoff_library_previews\libidx_000267__row_006871__label_2__escape.png
268,6889,2,bad,5.648520124636194,3.2942028985507243,escape,False,0.984888503120461,,C:\Users\willi\MEX\PPO LSTM CR3BP\PPO LSTM CR3BP V4\rough_scenario_classification\handoff_library_previews\libidx_000268__row_006889__label_2__escape.png
269,6893,2,bad,5.902386197653551,3.2942028985507243,escape,False,0.9830758391462006,,C:\Users\willi\MEX\PPO LSTM CR3BP\PPO LSTM CR3BP V4\rough_scenario_classification\handoff_library_previews\libidx_000269__row_006893__label_2__escape.png
270,6906,2,bad,0.3807991095260356,3.3,escape,False,0.9843668754577596,,C:\Users\willi\MEX\PPO LSTM CR3BP\PPO LSTM CR3BP V4\rough_scenario_classification\handoff_library_previews\libidx_000270__row_006906__label_2__escape.png
271,6934,2,bad,2.1578616206475347,3.3,escape,False,1.01124190862395,,C:\Users\willi\MEX\PPO LSTM CR3BP\PPO LSTM CR3BP V4\rough_scenario_classification\handoff_library_previews\libidx_000271__row_006934__label_2__escape.png
